{
  "id": 2,
  "name": "Clickable Stickers",
  "publisher": "addeep",
  "tray_image_file": "01.png",
  "animated_sticker_pack": true,
  "stickers": [
    {
      "image_file": "01_FeelTheBeat.webp",
      "emojis": [
        "🥰",
        "😘",
        "❤️"
      ]
    },
    {
      "image_file": "02_CoffeeSick.webp",
      "emojis": [
        "✊",
        "💪",
        "🙏"
      ]
    },
    {
      "image_file": "03_Laughing.webp",
      "emojis": [
        "❤️",
        "🥰",
        "💕"
      ]
    },
    {
      "image_file": "04_SendingLove.webp",
      "emojis": [
        "🖐",
        "🙌",
        "✋"
      ]
    },
    {
      "image_file": "05_JumpToLove.webp",
      "emojis": [
        "📱",
        "👯",
        "👋"
      ]
    },
    {
      "image_file": "06_Haha.webp",
      "emojis": [
        "😂",
        "🤣",
        "😆"
      ]
    },
    {
      "image_file": "07_Like.webp",
      "emojis": [
        "👍",
        "☺️",
        "😉"
      ]
    },
    {
      "image_file": "08_Question.webp",
      "emojis": [
        "❓",
        "❔",
        "😕"
      ]
    },
    {
      "image_file": "09_OK.webp",
      "emojis": [
        "👌",
        "🆗",
        "🙆"
      ]
    },
    {
      "image_file": "10_No.webp",
      "emojis": [
        "👎",
        "😑",
        "😕"
      ]
    },
    {
      "image_file": "11_Cry.webp",
      "emojis": [
        "😭",
        "😢",
        "😿"
      ]
    },
    {
      "image_file": "12_NightOwl.webp",
      "emojis": [
        "👩‍💻",
        "💻",
        "👀"
      ]
    }
  ]
}