{
  "id": 3,
  "name": "Tokbokki Baby",
  "publisher": "addeep",
  "tray_image_file": "1.png",
  "animated_sticker_pack": true,
  "stickers": [
    {
      "image_file": "01_Hi.gif",
      "emojis": [
        "👋",
        "🙂",
        "😁"
      ]
    },
    {
      "image_file": "02_LoveYouSoMuch.gif",
      "emojis": [
        "💕",
        "😘",
        "❤️"
      ]
    },
    {
      "image_file": "03_Birthday.gif",
      "emojis": [
        "🥳",
        "🎉",
        "🎂"
      ]
    },
    {
      "image_file": "04_Dance.gif",
      "emojis": [
        "💃",
        "🕺",
        "👯"
      ]
    },
    {
      "image_file": "05_GiveLove.gif",
      "emojis": [
        "🥰",
        "😍",
        "💋"
      ]
    },
    {
      "image_file": "06_Yes.gif",
      "emojis": [
        "👍",
        "👌",
        "🙆‍♀️"
      ]
    },
    {
      "image_file": "07_Haha.gif",
      "emojis": [
        "🤣",
        "😂",
        "😆"
      ]
    },
    {
      "image_file": "08_Cry.gif",
      "emojis": [
        "😭",
        "😢",
        "😞"
      ]
    },
    {
      "image_file": "09_Scared.gif",
      "emojis": [
        "😱",
        "😰",
        "😨"  
      ]
    },
    {
      "image_file": "10_Hungry.gif",
      "emojis": [
        "🍴",
        "😋",
        "😩"
      ]
    },
    {
      "image_file": "11_DrawingHeart.gif",
      "emojis": [
        "😻",
        "🥰",
        "💓"
      ]
    },
    {
      "image_file": "12_Running.gif",
      "emojis": [
        "🏃‍♀️",
        "🏃",
        "💨"
      ]
    },
    {
      "image_file": "13_ThrowingHearts.gif",
      "emojis": [
        "💗",
        "😘",
        "💕"
      ]
    },
    {
      "image_file": "14_InLove.gif",
      "emojis": [
        "💕",
        "💓",
        "💌"
      ]
    },
    {
      "image_file": "15_Sleeping.gif",
      "emojis": [
        "🥱",
        "😴",
        "💤"
      ]
    },
    {
      "image_file": "16_ByeBye.gif",
      "emojis": [
        "👋",
        "🥱",
        "👣"
      ]
    }
  ]
}