{
  "id": 1,
  "name": "Little Koala Stickers",
  "publisher": "addeep",
  "tray_image_file": "01.png",
  "animated_sticker_pack": true,
  "stickers": [
    {
      "image_file": "01_Hi.webp",
      "emojis": [
        "👋",
        "🙂",
        "😁"
      ]
    },
    {
      "image_file": "02_CheerAndDance.webp",
      "emojis": [
        "👏",
        "💪",
        "🎉"
      ]
    },
    {
      "image_file": "03_GiveLove.webp",
      "emojis": [
        "❤️",
        "🥰",
        "💕"
      ]
    },
    {
      "image_file": "04_Like.webp",
      "emojis": [
        "👍",
        "☺️",
        "😉"
      ]
    },
    {
      "image_file": "05_Broken.webp",
      "emojis": [
        "😢",
        "😭",
        "💔"
      ]
    },
    {
      "image_file": "06_HealBrokenHeart.webp",
      "emojis": [
        "❤️",
        "🥰",
        "😘"
      ]
    },
    {
      "image_file": "07_Question.webp",
      "emojis": [
        "🙄",
        "🤔",
        "❓"
      ]
    },
    {
      "image_file": "08_Celebration.webp",
      "emojis": [
        "🥳",
        "🤩",
        "🎉"
      ]
    },
    {
      "image_file": "09_OK.webp",
      "emojis": [
        "👌",
        "🆗",
        "🙆"
      ]
    },
    {
      "image_file": "10_No.webp",
      "emojis": [
        "👎",
        "😑",
        "😕"
      ]
    },
    {
      "image_file": "11_WaitingForMessages.webp",
      "emojis": [
        "⏳",
        "😤",
        "😠"
      ]
    },
    {
      "image_file": "12_Cry.webp",
      "emojis": [
        "😭",
        "😢",
        "😿"
      ]
    },
    {
      "image_file": "13_BlowKisses.webp",
      "emojis": [
        "😘",
        "💋",
        "💕"
      ]
    },
    {
      "image_file": "14_Goodnight.webp",
      "emojis": [
        "🥱",
        "😴",
        "💤"
      ]
    },
    {
      "image_file": "15_NightOwl.webp",
      "emojis": [
        "👩‍💻",
        "💻",
        "👀"
      ]
    },
    {
      "image_file": "16_ByeBye.webp",
      "emojis": [
        "👋",
        "🥱",
        "🏃‍♀️"
      ]
    }
  ]
}